{"stats":{"minecraft:killed_by":{"minecraft:creeper":1,"minecraft:drowned":1,"minecraft:zombie":1,"minecraft:skeleton":3},"minecraft:used":{"minecraft:peony":16,"minecraft:moss_block":6,"minecraft:moss_carpet":6,"minecraft:iron_shovel":863,"minecraft:spruce_slab":1,"minecraft:ladder":19,"minecraft:chest":9,"minecraft:shield":60,"minecraft:iron_sword":319,"minecraft:iron_chestplate":1,"minecraft:tuff":27,"minecraft:lava_bucket":1,"minecraft:lantern":2,"minecraft:birch_sapling":1,"minecraft:dark_oak_slab":155,"minecraft:dark_oak_leaves":3,"minecraft:stone_bricks":58,"minecraft:birch_trapdoor":11,"minecraft:bow":6,"minecraft:dark_oak_boat":1,"minecraft:scaffolding":183,"minecraft:oak_sapling":21,"minecraft:furnace":6,"minecraft:egg":3,"minecraft:dark_oak_stairs":234,"minecraft:oak_planks":27,"minecraft:stone_pickaxe":233,"minecraft:diamond_axe":167,"minecraft:oak_leaves":12,"minecraft:glow_berries":3,"minecraft:dark_oak_trapdoor":36,"minecraft:sand":3,"minecraft:blast_furnace":1,"minecraft:shears":342,"minecraft:dark_oak_log":3,"minecraft:melon_slice":30,"minecraft:birch_slab":2,"minecraft:bread":36,"minecraft:stone_button":8,"minecraft:spore_blossom":4,"minecraft:gravel":1,"minecraft:flowering_azalea_leaves":9,"minecraft:lilac":2,"minecraft:wooden_sword":61,"minecraft:dark_oak_fence":6,"minecraft:bone_meal":35,"minecraft:oak_fence":7,"minecraft:stone_sword":17,"minecraft:tropical_fish":2,"minecraft:cooked_salmon":18,"minecraft:cooked_chicken":25,"minecraft:torch":189,"minecraft:dirt":597,"minecraft:white_carpet":14,"minecraft:dark_oak_planks":250,"minecraft:flowering_azalea":1,"minecraft:iron_axe":1328,"minecraft:oak_stairs":92,"minecraft:iron_boots":1,"minecraft:barrel":23,"minecraft:bamboo":6,"minecraft:cooked_beef":3,"minecraft:cobbled_deepslate":41,"minecraft:cobbled_deepslate_wall":33,"minecraft:wheat_seeds":6,"minecraft:water_bucket":40,"minecraft:amethyst_block":1,"minecraft:birch_planks":337,"minecraft:baked_potato":12,"minecraft:birch_boat":2,"minecraft:cobblestone_slab":3,"minecraft:salmon":6,"minecraft:polished_deepslate_slab":47,"minecraft:crafting_table":12,"minecraft:red_mushroom":8,"minecraft:white_bed":5,"minecraft:campfire":28,"minecraft:dark_oak_fence_gate":3,"minecraft:dark_oak_door":3,"minecraft:smoker":3,"minecraft:oak_log":355,"minecraft:iron_pickaxe":496,"minecraft:stone_axe":514,"minecraft:cobblestone":46,"minecraft:cooked_porkchop":6,"minecraft:bucket":42,"minecraft:glass_pane":15,"minecraft:stripped_oak_log":69},"minecraft:mined":{"minecraft:dark_oak_planks":83,"minecraft:spruce_planks":4,"minecraft:white_bed":2,"minecraft:oak_sapling":2,"minecraft:jungle_leaves":3,"minecraft:cave_vines_plant":3,"minecraft:granite":11,"minecraft:budding_amethyst":1,"minecraft:grass_block":608,"minecraft:tall_seagrass":5,"minecraft:dark_oak_trapdoor":23,"minecraft:iron_ore":31,"minecraft:cobbled_deepslate":7,"minecraft:barrel":19,"minecraft:pumpkin":5,"minecraft:moss_carpet":25,"minecraft:dark_oak_stairs":108,"minecraft:cave_vines":12,"minecraft:polished_deepslate_slab":8,"minecraft:flowering_azalea_leaves":16,"minecraft:oak_stairs":68,"minecraft:small_amethyst_bud":1,"minecraft:azalea_leaves":26,"minecraft:azalea":22,"minecraft:spruce_slab":1,"minecraft:deepslate_redstone_ore":5,"minecraft:smoker":1,"minecraft:clay":28,"minecraft:torch":19,"minecraft:melon":29,"minecraft:mushroom_stem":21,"minecraft:cobblestone":42,"minecraft:sugar_cane":3,"minecraft:oak_planks":16,"minecraft:wall_torch":14,"minecraft:amethyst_block":1,"minecraft:seagrass":2,"minecraft:dark_oak_slab":70,"minecraft:dark_oak_door":1,"minecraft:birch_log":173,"minecraft:birch_trapdoor":11,"minecraft:oak_log":419,"minecraft:sand":109,"minecraft:dirt":82,"minecraft:red_mushroom_block":180,"minecraft:oak_leaves":343,"minecraft:deepslate":91,"minecraft:tuff":121,"minecraft:mossy_cobblestone":35,"minecraft:dark_oak_leaves":158,"minecraft:deepslate_diamond_ore":21,"minecraft:dark_oak_log":345,"minecraft:glow_lichen":3,"minecraft:ladder":5,"minecraft:dark_oak_fence":3,"minecraft:stone_button":2,"minecraft:jungle_planks":5,"minecraft:birch_slab":2,"minecraft:moss_block":41,"minecraft:red_mushroom":5,"minecraft:kelp":1,"minecraft:sandstone":18,"minecraft:spore_blossom":6,"minecraft:furnace":4,"minecraft:dark_oak_fence_gate":2,"minecraft:peony":9,"minecraft:big_dripleaf_stem":3,"minecraft:deepslate_iron_ore":74,"minecraft:cobblestone_slab":1,"minecraft:vine":18,"minecraft:lantern":1,"minecraft:stripped_jungle_log":1,"minecraft:stripped_oak_log":77,"minecraft:bamboo":8,"minecraft:stone":92,"minecraft:scaffolding":61,"minecraft:flowering_azalea":16,"minecraft:glass_pane":6,"minecraft:hanging_roots":2,"minecraft:stripped_dark_oak_log":3,"minecraft:oak_fence":1,"minecraft:crafting_table":3,"minecraft:cobbled_deepslate_wall":15,"minecraft:short_grass":98,"minecraft:campfire":12,"minecraft:tall_grass":6,"minecraft:deepslate_gold_ore":22,"minecraft:diorite":11,"minecraft:big_dripleaf":1,"minecraft:birch_planks":76,"minecraft:white_carpet":4,"minecraft:birch_leaves":23,"minecraft:coal_ore":72,"minecraft:cocoa":22,"minecraft:gravel":52,"minecraft:cobweb":115,"minecraft:stone_bricks":25,"minecraft:gold_ore":2,"minecraft:fern":3},"minecraft:dropped":{"minecraft:iron_sword":1,"minecraft:dark_oak_stairs":26,"minecraft:diamond_axe":1,"minecraft:lapis_lazuli":12,"minecraft:cooked_beef":4,"minecraft:oak_log":1,"minecraft:diamond":4,"minecraft:dark_oak_sapling":30,"minecraft:leather":2,"minecraft:red_mushroom":3,"minecraft:flint":9,"minecraft:bone_meal":16,"minecraft:sand":25,"minecraft:iron_pickaxe":2,"minecraft:dark_oak_planks":59,"minecraft:birch_log":13,"minecraft:gravel":99,"minecraft:stone_axe":2,"minecraft:sugar_cane":2,"minecraft:cooked_chicken":29,"minecraft:cobbled_deepslate":1,"minecraft:birch_sapling":3,"minecraft:rotten_flesh":19,"minecraft:oak_planks":1,"minecraft:golden_shovel":1,"minecraft:salmon":1,"minecraft:ladder":5,"minecraft:campfire":2,"minecraft:egg":2,"minecraft:water_bucket":1,"minecraft:enchanted_book":3,"minecraft:iron_ingot":70,"minecraft:bread":12,"minecraft:birch_leaves":18,"minecraft:wheat_seeds":4,"minecraft:iron_helmet":2,"minecraft:feather":4,"minecraft:cobblestone":4,"minecraft:apple":1,"minecraft:granite":11,"minecraft:lava_bucket":1,"minecraft:diorite":3,"minecraft:milk_bucket":1,"minecraft:torch":133,"minecraft:iron_axe":1,"minecraft:stone_sword":1,"minecraft:tuff":63,"minecraft:raw_iron":1,"minecraft:white_carpet":7,"minecraft:iron_boots":1,"minecraft:flint_and_steel":1,"minecraft:filled_map":3,"minecraft:cobblestone_slab":5,"minecraft:diamond_pickaxe":3,"minecraft:spider_eye":5},"minecraft:crafted":{"minecraft:oak_planks":68,"minecraft:smooth_stone":6,"minecraft:barrel":4,"minecraft:cobblestone_slab":6,"minecraft:dark_oak_boat":1,"minecraft:birch_boat":1,"minecraft:cooked_chicken":64,"minecraft:birch_slab":6,"minecraft:stone":67,"minecraft:dark_oak_door":3,"minecraft:glass":56,"minecraft:iron_boots":2,"minecraft:melon_seeds":27,"minecraft:chest":8,"minecraft:oak_fence":6,"minecraft:stone_bricks":52,"minecraft:smoker":2,"minecraft:cooked_porkchop":6,"minecraft:crafting_table":8,"minecraft:cobbled_deepslate_wall":24,"minecraft:birch_planks":560,"minecraft:pumpkin_seeds":20,"minecraft:campfire":28,"minecraft:polished_deepslate_slab":42,"minecraft:dark_oak_slab":156,"minecraft:iron_chestplate":1,"minecraft:stick":204,"minecraft:iron_ingot":105,"minecraft:iron_pickaxe":3,"minecraft:dark_oak_fence_gate":1,"minecraft:wooden_sword":1,"minecraft:iron_nugget":27,"minecraft:furnace":4,"minecraft:stone_button":3,"minecraft:blast_furnace":1,"minecraft:dark_oak_trapdoor":22,"minecraft:bone_meal":54,"minecraft:white_carpet":6,"minecraft:glass_pane":32,"minecraft:flint_and_steel":1,"minecraft:scaffolding":30,"minecraft:lantern":3,"minecraft:dark_oak_fence":9,"minecraft:polished_deepslate":24,"minecraft:iron_axe":5,"minecraft:ladder":18,"minecraft:dark_oak_planks":1022,"minecraft:cooked_beef":7,"minecraft:dark_oak_stairs":168,"minecraft:iron_sword":2,"minecraft:bowl":8,"minecraft:cooked_salmon":18,"minecraft:bucket":1,"minecraft:stone_axe":2,"minecraft:air":0,"minecraft:oak_stairs":24,"minecraft:birch_trapdoor":4,"minecraft:iron_shovel":3,"minecraft:white_bed":3,"minecraft:torch":244},"minecraft:broken":{"minecraft:iron_shovel":4,"minecraft:shears":1,"minecraft:stone_pickaxe":2,"minecraft:wooden_sword":1,"minecraft:stone_axe":4,"minecraft:iron_sword":1,"minecraft:shield":1,"minecraft:iron_axe":6,"minecraft:iron_pickaxe":1},"minecraft:killed":{"minecraft:cave_spider":5,"minecraft:spider":1,"minecraft:skeleton":22,"minecraft:chicken":99,"minecraft:pig":2,"minecraft:salmon":51,"minecraft:sheep":1,"minecraft:trader_llama":1,"minecraft:pillager":1,"minecraft:zombie":6,"minecraft:cow":15,"minecraft:drowned":1,"minecraft:squid":6},"minecraft:custom":{"minecraft:animals_bred":2,"minecraft:interact_with_crafting_table":228,"minecraft:open_barrel":3,"minecraft:leave_game":13,"minecraft:time_since_death":164969,"minecraft:sprint_one_cm":2079855,"minecraft:damage_blocked_by_shield":2779,"minecraft:drop":133,"minecraft:talked_to_villager":4,"minecraft:play_time":862539,"minecraft:deaths":6,"minecraft:jump":11005,"minecraft:walk_on_water_one_cm":192122,"minecraft:interact_with_furnace":92,"minecraft:sleep_in_bed":48,"minecraft:damage_dealt":11718,"minecraft:crouch_one_cm":64157,"minecraft:interact_with_smoker":9,"minecraft:mob_kills":213,"minecraft:climb_one_cm":116054,"minecraft:walk_one_cm":2111262,"minecraft:sneak_time":38952,"minecraft:walk_under_water_one_cm":175157,"minecraft:boat_one_cm":1592124,"minecraft:total_world_time":862539,"minecraft:time_since_rest":5755,"minecraft:damage_taken":5565,"minecraft:swim_one_cm":98514,"minecraft:fly_one_cm":467446,"minecraft:open_chest":380,"minecraft:fall_one_cm":98124},"minecraft:picked_up":{"minecraft:iron_chestplate":3,"minecraft:lead":2,"minecraft:oak_stairs":68,"minecraft:enchanted_book":3,"minecraft:golden_shovel":1,"minecraft:amethyst_block":1,"minecraft:string":97,"minecraft:dark_oak_trapdoor":23,"minecraft:iron_leggings":2,"minecraft:cobbled_deepslate":316,"minecraft:bucket":4,"minecraft:dark_oak_leaves":81,"minecraft:spruce_planks":2,"minecraft:cobblestone_slab":12,"minecraft:azalea":20,"minecraft:iron_pickaxe":3,"minecraft:azalea_leaves":26,"minecraft:melon_slice":146,"minecraft:furnace":5,"minecraft:iron_boots":2,"minecraft:dark_oak_door":1,"minecraft:stick":100,"minecraft:big_dripleaf":14,"minecraft:birch_trapdoor":11,"minecraft:oak_fence":3,"minecraft:torch":164,"minecraft:porkchop":1,"minecraft:diorite":3,"minecraft:vine":15,"minecraft:stone_sword":1,"minecraft:rotten_flesh":19,"minecraft:tropical_fish":2,"minecraft:cobblestone":445,"minecraft:birch_log":208,"minecraft:feather":70,"minecraft:lilac":16,"minecraft:birch_slab":6,"minecraft:water_bucket":1,"minecraft:golden_leggings":1,"minecraft:smoker":1,"minecraft:flint":23,"minecraft:tuff":277,"minecraft:lapis_lazuli":21,"minecraft:lantern":1,"minecraft:dirt":660,"minecraft:hanging_roots":2,"minecraft:bone":100,"minecraft:bow":3,"minecraft:cobbled_deepslate_wall":15,"minecraft:wheat_seeds":18,"minecraft:raw_gold":25,"minecraft:bamboo":50,"minecraft:moss_block":40,"minecraft:oak_planks":17,"minecraft:glow_lichen":4,"minecraft:sand":182,"minecraft:ink_sac":21,"minecraft:dark_oak_log":389,"minecraft:barrel":19,"minecraft:mossy_cobblestone":79,"minecraft:diamond":22,"minecraft:granite":13,"minecraft:bone_meal":3,"minecraft:golden_apple":1,"minecraft:bread":58,"minecraft:oak_sapling":74,"minecraft:dark_oak_fence":6,"minecraft:oak_leaves":107,"minecraft:diamond_pickaxe":5,"minecraft:cocoa_beans":48,"minecraft:charcoal":22,"minecraft:crafting_table":4,"minecraft:chicken":65,"minecraft:ladder":12,"minecraft:clay_ball":108,"minecraft:chest_minecart":1,"minecraft:shield":4,"minecraft:moss_carpet":30,"minecraft:iron_axe":4,"minecraft:white_carpet":20,"minecraft:iron_shovel":4,"minecraft:beef":9,"minecraft:spruce_slab":1,"minecraft:poppy":1,"minecraft:chest":1,"minecraft:sugar_cane":38,"minecraft:birch_sapling":17,"minecraft:egg":26,"minecraft:dark_oak_sapling":95,"minecraft:raw_iron":111,"minecraft:polished_deepslate_slab":6,"minecraft:flowering_azalea_leaves":16,"minecraft:stone_button":5,"minecraft:redstone":35,"minecraft:dark_oak_planks":72,"minecraft:arrow":210,"minecraft:beetroot_seeds":3,"minecraft:peony":24,"minecraft:shears":2,"minecraft:hay_block":15,"minecraft:glow_berries":3,"minecraft:mutton":1,"minecraft:rail":2,"minecraft:white_wool":42,"minecraft:stripped_oak_log":76,"minecraft:birch_leaves":18,"minecraft:salmon":50,"minecraft:leather":6,"minecraft:red_mushroom":71,"minecraft:filled_map":3,"minecraft:birch_planks":78,"minecraft:oak_log":569,"minecraft:apple":22,"minecraft:stone_bricks":24,"minecraft:kelp":5,"minecraft:spore_blossom":6,"minecraft:iron_ingot":25,"minecraft:stone_pickaxe":3,"minecraft:cooked_chicken":61,"minecraft:flowering_azalea":17,"minecraft:iron_sword":3,"minecraft:dark_oak_stairs":108,"minecraft:scaffolding":169,"minecraft:dark_oak_slab":75,"minecraft:smooth_basalt":1,"minecraft:birch_boat":1,"minecraft:pumpkin":5,"minecraft:gravel":243,"minecraft:lava_bucket":1,"minecraft:white_bed":2,"minecraft:dark_oak_fence_gate":2,"minecraft:spider_eye":5,"minecraft:campfire":2,"minecraft:stone_axe":4,"minecraft:short_grass":2,"minecraft:iron_helmet":3,"minecraft:diamond_axe":2,"minecraft:baked_potato":88,"minecraft:stripped_dark_oak_log":3,"minecraft:coal":110}},"DataVersion":3953}