{"stats":{"minecraft:used":{"minecraft:peony":1,"minecraft:iron_shovel":536,"minecraft:ladder":8,"minecraft:chest":12,"minecraft:shield":75,"minecraft:iron_sword":587,"minecraft:jungle_planks":27,"minecraft:tuff":65,"minecraft:obsidian":12,"minecraft:lava_bucket":7,"minecraft:birch_sapling":2,"minecraft:iron_helmet":1,"minecraft:magma_block":7,"minecraft:bow":8,"minecraft:hay_block":1,"minecraft:scaffolding":9,"minecraft:oak_sapling":3,"minecraft:furnace":6,"minecraft:egg":265,"minecraft:potato":82,"minecraft:dark_oak_stairs":36,"minecraft:diorite":13,"minecraft:stone_pickaxe":151,"minecraft:wooden_pickaxe":36,"minecraft:sugar_cane":107,"minecraft:glow_berries":13,"minecraft:sand":95,"minecraft:birch_fence_gate":2,"minecraft:dark_oak_log":7,"minecraft:melon_slice":45,"minecraft:bread":64,"minecraft:gravel":2,"minecraft:dark_oak_fence":45,"minecraft:andesite":8,"minecraft:oak_boat":1,"minecraft:bone_meal":103,"minecraft:enchanting_table":1,"minecraft:stone_sword":378,"minecraft:flint_and_steel":1,"minecraft:cooked_salmon":3,"minecraft:cooked_chicken":24,"minecraft:stone_hoe":86,"minecraft:netherrack":675,"minecraft:torch":149,"minecraft:dirt":295,"minecraft:hopper":9,"minecraft:golden_shovel":113,"minecraft:granite":8,"minecraft:dark_oak_planks":156,"minecraft:wooden_axe":78,"minecraft:bookshelf":18,"minecraft:iron_axe":1257,"minecraft:bamboo":7,"minecraft:golden_carrot":4,"minecraft:beef":8,"minecraft:cooked_beef":15,"minecraft:cobbled_deepslate":140,"minecraft:golden_axe":10,"minecraft:wheat_seeds":309,"minecraft:cooked_mutton":2,"minecraft:water_bucket":15,"minecraft:birch_planks":75,"minecraft:baked_potato":15,"minecraft:birch_boat":5,"minecraft:cobblestone_slab":7,"minecraft:salmon":1,"minecraft:mossy_cobblestone":5,"minecraft:polished_deepslate_slab":1,"minecraft:crafting_table":15,"minecraft:magenta_bed":1,"minecraft:white_bed":1,"minecraft:diamond_pickaxe":1123,"minecraft:chicken":2,"minecraft:iron_pickaxe":2147,"minecraft:stone_axe":416,"minecraft:fishing_rod":9,"minecraft:cobblestone":140,"minecraft:porkchop":3,"minecraft:cooked_porkchop":8,"minecraft:bucket":22},"minecraft:dropped":{"minecraft:iron_sword":4,"minecraft:soul_sand":3,"minecraft:birch_planks":7,"minecraft:dark_oak_stairs":2,"minecraft:diamond_axe":2,"minecraft:lapis_lazuli":133,"minecraft:cooked_beef":32,"minecraft:oak_log":219,"minecraft:baked_potato":32,"minecraft:diamond":23,"minecraft:dark_oak_sapling":22,"minecraft:leather":1,"minecraft:rail":2,"minecraft:dirt":1,"minecraft:sand":112,"minecraft:iron_pickaxe":3,"minecraft:white_wool":10,"minecraft:gold_ingot":23,"minecraft:bone":67,"minecraft:stone_axe":6,"minecraft:cobbled_deepslate":11,"minecraft:birch_sapling":13,"minecraft:rotten_flesh":37,"minecraft:golden_shovel":1,"minecraft:salmon":2,"minecraft:poppy":5,"minecraft:gunpowder":1,"minecraft:beetroot_seeds":3,"minecraft:arrow":206,"minecraft:oak_leaves":39,"minecraft:netherrack":247,"minecraft:egg":4,"minecraft:stone_hoe":1,"minecraft:iron_ingot":154,"minecraft:bread":40,"minecraft:wheat_seeds":28,"minecraft:lilac":16,"minecraft:poisonous_potato":2,"minecraft:iron_helmet":2,"minecraft:cobblestone":186,"minecraft:book":2,"minecraft:apple":5,"minecraft:granite":2,"minecraft:coal":30,"minecraft:golden_apple":1,"minecraft:stick":32,"minecraft:lava_bucket":2,"minecraft:diorite":4,"minecraft:torch":87,"minecraft:wooden_axe":4,"minecraft:melon_slice":18,"minecraft:jungle_door":3,"minecraft:iron_leggings":1,"minecraft:iron_axe":1,"minecraft:iron_shovel":2,"minecraft:bucket":3,"minecraft:dandelion":1,"minecraft:furnace":1,"minecraft:moss_carpet":1,"minecraft:kelp":2,"minecraft:stone_sword":2,"minecraft:tuff":2,"minecraft:chicken":2,"minecraft:polished_deepslate_slab":3,"minecraft:clay_ball":4,"minecraft:shears":2,"minecraft:filled_map":3,"minecraft:big_dripleaf":2,"minecraft:hay_block":15,"minecraft:shield":4,"minecraft:diamond_chestplate":1,"minecraft:peony":12,"minecraft:diamond_pickaxe":8,"minecraft:iron_chestplate":1,"minecraft:oak_sapling":10,"minecraft:spider_eye":5,"minecraft:stone_bricks":3,"minecraft:bamboo":11,"minecraft:bow":5,"minecraft:stone_pickaxe":4,"minecraft:wooden_pickaxe":4,"minecraft:magma_block":23},"minecraft:killed_by":{"minecraft:creeper":1,"minecraft:drowned":1,"minecraft:skeleton":3},"minecraft:mined":{"minecraft:dark_oak_planks":14,"minecraft:white_bed":2,"minecraft:obsidian":16,"minecraft:cave_vines_plant":2,"minecraft:granite":15,"minecraft:grass_block":142,"minecraft:jungle_log":10,"minecraft:soul_soil":6,"minecraft:hopper":6,"minecraft:magma_block":51,"minecraft:iron_ore":34,"minecraft:cobbled_deepslate":1,"minecraft:fire":5,"minecraft:deepslate_lapis_ore":12,"minecraft:dark_oak_stairs":2,"minecraft:red_tulip":6,"minecraft:cave_vines":8,"minecraft:polished_deepslate_slab":1,"minecraft:dirt_path":1,"minecraft:deepslate_redstone_ore":8,"minecraft:kelp_plant":1,"minecraft:soul_fire":4,"minecraft:clay":7,"minecraft:torch":5,"minecraft:poppy":7,"minecraft:melon":13,"minecraft:chest":2,"minecraft:nether_quartz_ore":245,"minecraft:cobblestone":160,"minecraft:sugar_cane":425,"minecraft:oak_planks":6,"minecraft:wall_torch":7,"minecraft:birch_sapling":2,"minecraft:seagrass":1,"minecraft:birch_log":44,"minecraft:wheat":272,"minecraft:lilac":51,"minecraft:oak_log":215,"minecraft:sand":323,"minecraft:dirt":259,"minecraft:smooth_basalt":1,"minecraft:netherrack":1583,"minecraft:oak_leaves":82,"minecraft:deepslate":282,"minecraft:nether_gold_ore":77,"minecraft:tuff":132,"minecraft:mossy_cobblestone":9,"minecraft:dark_oak_leaves":95,"minecraft:deepslate_diamond_ore":13,"minecraft:dark_oak_log":712,"minecraft:ladder":2,"minecraft:dark_oak_fence":6,"minecraft:jungle_planks":8,"minecraft:moss_block":2,"minecraft:sandstone":14,"minecraft:hay_block":32,"minecraft:redstone_ore":3,"minecraft:furnace":3,"minecraft:andesite":8,"minecraft:peony":15,"minecraft:potatoes":45,"minecraft:deepslate_iron_ore":103,"minecraft:cobblestone_slab":2,"minecraft:vine":8,"minecraft:bamboo":4,"minecraft:stone":388,"minecraft:bone_block":25,"minecraft:scaffolding":2,"minecraft:soul_sand":4,"minecraft:lily_of_the_valley":6,"minecraft:dandelion":3,"minecraft:oak_fence":2,"minecraft:crafting_table":11,"minecraft:cornflower":1,"minecraft:short_grass":484,"minecraft:rose_bush":13,"minecraft:tall_grass":3,"minecraft:lapis_ore":7,"minecraft:diorite":14,"minecraft:big_dripleaf":1,"minecraft:birch_planks":4,"minecraft:white_carpet":8,"minecraft:birch_leaves":3,"minecraft:coal_ore":134,"minecraft:gravel":49,"minecraft:cracked_stone_bricks":2,"minecraft:stone_bricks":4,"minecraft:mossy_stone_bricks":7,"minecraft:gold_ore":1,"minecraft:fern":18},"minecraft:killed":{"minecraft:cave_spider":7,"minecraft:spider":4,"minecraft:skeleton":374,"minecraft:chicken":3,"minecraft:tropical_fish":1,"minecraft:pig":11,"minecraft:salmon":3,"minecraft:creeper":1,"minecraft:sheep":11,"minecraft:trader_llama":1,"minecraft:pillager":2,"minecraft:zombie":24,"minecraft:cow":84,"minecraft:armadillo":1,"minecraft:drowned":2},"minecraft:custom":{"minecraft:animals_bred":204,"minecraft:interact_with_crafting_table":185,"minecraft:leave_game":60,"minecraft:time_since_death":419037,"minecraft:sprint_one_cm":1466295,"minecraft:damage_blocked_by_shield":4996,"minecraft:drop":233,"minecraft:talked_to_villager":11,"minecraft:play_time":1120938,"minecraft:deaths":5,"minecraft:jump":13051,"minecraft:walk_on_water_one_cm":172232,"minecraft:enchant_item":6,"minecraft:interact_with_furnace":68,"minecraft:sleep_in_bed":12,"minecraft:damage_dealt":67102,"minecraft:crouch_one_cm":107107,"minecraft:interact_with_smoker":22,"minecraft:interact_with_smithing_table":1,"minecraft:interact_with_anvil":1,"minecraft:mob_kills":532,"minecraft:inspect_hopper":4,"minecraft:climb_one_cm":44195,"minecraft:walk_one_cm":3090813,"minecraft:sneak_time":33487,"minecraft:walk_under_water_one_cm":280686,"minecraft:boat_one_cm":4765761,"minecraft:total_world_time":1120938,"minecraft:time_since_rest":15389,"minecraft:damage_taken":7399,"minecraft:swim_one_cm":173832,"minecraft:fly_one_cm":730284,"minecraft:open_chest":420,"minecraft:fish_caught":1,"minecraft:fall_one_cm":118198},"minecraft:crafted":{"minecraft:oak_planks":36,"minecraft:cobblestone_slab":6,"minecraft:birch_boat":2,"minecraft:cooked_chicken":7,"minecraft:bookshelf":28,"minecraft:cooked_mutton":15,"minecraft:quartz_block":27,"minecraft:hopper":3,"minecraft:bow":19,"minecraft:birch_fence_gate":2,"minecraft:chest":14,"minecraft:stone_hoe":1,"minecraft:magenta_dye":4,"minecraft:golden_axe":1,"minecraft:cooked_porkchop":8,"minecraft:diamond_axe":1,"minecraft:crafting_table":7,"minecraft:iron_helmet":2,"minecraft:wooden_pickaxe":2,"minecraft:baked_potato":79,"minecraft:birch_planks":176,"minecraft:diamond_pickaxe":3,"minecraft:iron_chestplate":3,"minecraft:book":86,"minecraft:paper":481,"minecraft:golden_leggings":1,"minecraft:shield":6,"minecraft:stick":200,"minecraft:iron_ingot":118,"minecraft:iron_pickaxe":8,"minecraft:stone_sword":4,"minecraft:gold_ingot":23,"minecraft:shears":2,"minecraft:furnace":5,"minecraft:bone_meal":87,"minecraft:scaffolding":18,"minecraft:dark_oak_fence":54,"minecraft:iron_axe":7,"minecraft:ladder":6,"minecraft:stone_pickaxe":4,"minecraft:dark_oak_planks":888,"minecraft:wheat":270,"minecraft:cooked_beef":64,"minecraft:magenta_bed":1,"minecraft:dark_oak_stairs":24,"minecraft:enchanting_table":1,"minecraft:iron_sword":7,"minecraft:cooked_salmon":25,"minecraft:bucket":2,"minecraft:stone_axe":6,"minecraft:jungle_planks":32,"minecraft:air":0,"minecraft:bread":91,"minecraft:oak_boat":1,"minecraft:jungle_door":3,"minecraft:wooden_axe":4,"minecraft:iron_shovel":4,"minecraft:iron_leggings":1,"minecraft:torch":92},"minecraft:picked_up":{"minecraft:wooden_axe":2,"minecraft:wheat":220,"minecraft:enchanted_book":3,"minecraft:golden_shovel":1,"minecraft:string":20,"minecraft:soul_soil":11,"minecraft:raw_copper":2,"minecraft:gold_nugget":273,"minecraft:cobbled_deepslate":222,"minecraft:bucket":1,"minecraft:dark_oak_leaves":19,"minecraft:spruce_planks":2,"minecraft:rose_bush":12,"minecraft:cobblestone_slab":1,"minecraft:iron_pickaxe":4,"minecraft:melon_slice":70,"minecraft:iron_boots":1,"minecraft:furnace":3,"minecraft:stick":76,"minecraft:big_dripleaf":2,"minecraft:torch":144,"minecraft:porkchop":28,"minecraft:diorite":20,"minecraft:rotten_flesh":52,"minecraft:tropical_fish":1,"minecraft:obsidian":16,"minecraft:cobblestone":512,"minecraft:birch_log":46,"minecraft:magma_block":51,"minecraft:cooked_beef":4,"minecraft:feather":22,"minecraft:lilac":45,"minecraft:water_bucket":1,"minecraft:andesite":8,"minecraft:jungle_log":10,"minecraft:potato":152,"minecraft:flint":7,"minecraft:tuff":101,"minecraft:lapis_lazuli":168,"minecraft:dirt":396,"minecraft:bone":78,"minecraft:bow":10,"minecraft:wheat_seeds":704,"minecraft:mossy_stone_bricks":2,"minecraft:bamboo":42,"minecraft:oak_planks":9,"minecraft:poisonous_potato":2,"minecraft:jungle_planks":13,"minecraft:sand":308,"minecraft:ink_sac":1,"minecraft:dark_oak_log":728,"minecraft:mossy_cobblestone":9,"minecraft:diamond":18,"minecraft:granite":23,"minecraft:bone_meal":17,"minecraft:bread":6,"minecraft:oak_sapling":20,"minecraft:netherrack":1495,"minecraft:dark_oak_fence":3,"minecraft:oak_leaves":46,"minecraft:diamond_pickaxe":7,"minecraft:crafting_table":10,"minecraft:chicken":16,"minecraft:ladder":2,"minecraft:clay_ball":15,"minecraft:wooden_pickaxe":2,"minecraft:moss_carpet":2,"minecraft:iron_axe":1,"minecraft:flint_and_steel":1,"minecraft:white_carpet":1,"minecraft:beef":172,"minecraft:jungle_sapling":1,"minecraft:poppy":5,"minecraft:chest":1,"minecraft:sugar_cane":594,"minecraft:birch_sapling":20,"minecraft:egg":263,"minecraft:dark_oak_sapling":34,"minecraft:raw_iron":130,"minecraft:sandstone":29,"minecraft:polished_deepslate_slab":4,"minecraft:redstone":31,"minecraft:dark_oak_planks":43,"minecraft:diamond_chestplate":2,"minecraft:arrow":41,"minecraft:peony":13,"minecraft:hay_block":31,"minecraft:saddle":1,"minecraft:glow_berries":5,"minecraft:mutton":15,"minecraft:rail":6,"minecraft:bone_block":27,"minecraft:white_wool":10,"minecraft:salmon":5,"minecraft:leather":87,"minecraft:red_mushroom":2,"minecraft:filled_map":2,"minecraft:birch_planks":10,"minecraft:oak_log":271,"minecraft:golden_boots":1,"minecraft:gunpowder":1,"minecraft:paper":2,"minecraft:apple":6,"minecraft:stone_bricks":3,"minecraft:kelp":2,"minecraft:iron_ingot":70,"minecraft:stone_pickaxe":1,"minecraft:cooked_chicken":29,"minecraft:iron_sword":2,"minecraft:soul_sand":3,"minecraft:dark_oak_stairs":15,"minecraft:book":1,"minecraft:scaffolding":2,"minecraft:milk_bucket":2,"minecraft:birch_boat":3,"minecraft:quartz":242,"minecraft:dandelion":1,"minecraft:gravel":39,"minecraft:lava_bucket":2,"minecraft:white_bed":2,"minecraft:spider_eye":5,"minecraft:stripped_jungle_log":1,"minecraft:stone_axe":1,"minecraft:iron_helmet":2,"minecraft:diamond_axe":1,"minecraft:coal":156,"minecraft:hopper":6},"minecraft:broken":{"minecraft:iron_shovel":1,"minecraft:golden_shovel":1,"minecraft:golden_leggings":1,"minecraft:stone_axe":1,"minecraft:iron_sword":2,"minecraft:stone_sword":2,"minecraft:iron_axe":4,"minecraft:iron_pickaxe":9}},"DataVersion":3953}