{"stats":{"minecraft:used":{"minecraft:iron_shovel":48,"minecraft:chest":1,"minecraft:shield":1,"minecraft:iron_sword":262,"minecraft:diamond_axe":34,"minecraft:cooked_chicken":11,"minecraft:netherrack":711,"minecraft:iron_chestplate":1,"minecraft:torch":59,"minecraft:soul_sand":2,"minecraft:anvil":1,"minecraft:white_carpet":3,"minecraft:crafting_table":1,"minecraft:nether_quartz_ore":6,"minecraft:blast_furnace":1,"minecraft:nether_gold_ore":12,"minecraft:oak_log":7,"minecraft:diamond_pickaxe":376,"minecraft:iron_pickaxe":429,"minecraft:iron_helmet":1,"minecraft:iron_boots":1,"minecraft:cobblestone":8,"minecraft:bow":16,"minecraft:andesite":6,"minecraft:stripped_oak_log":3,"minecraft:iron_leggings":1},"minecraft:dropped":{"minecraft:enchanted_book":1,"minecraft:golden_boots":1,"minecraft:iron_sword":1,"minecraft:lapis_lazuli":61,"minecraft:book":1,"minecraft:milk_bucket":1,"minecraft:diamond_chestplate":3,"minecraft:diamond_pickaxe":4,"minecraft:bow":4},"minecraft:mined":{"minecraft:soul_sand":24,"minecraft:dark_oak_log":4,"minecraft:torch":59,"minecraft:blast_furnace":1,"minecraft:nether_quartz_ore":99,"minecraft:soul_soil":12,"minecraft:magma_block":4,"minecraft:birch_log":1,"minecraft:andesite":6,"minecraft:birch_leaves":8,"minecraft:oak_log":13,"minecraft:gravel":90,"minecraft:dirt":4,"minecraft:stripped_oak_log":1,"minecraft:stone":19,"minecraft:bone_block":9,"minecraft:netherrack":630,"minecraft:deepslate":1,"minecraft:nether_gold_ore":36},"minecraft:killed":{"minecraft:creeper":2,"minecraft:skeleton":136,"minecraft:zombie":1},"minecraft:custom":{"minecraft:interact_with_furnace":13,"minecraft:interact_with_anvil":3,"minecraft:mob_kills":139,"minecraft:interact_with_crafting_table":31,"minecraft:leave_game":4,"minecraft:time_since_death":177993,"minecraft:sleep_in_bed":4,"minecraft:climb_one_cm":1059,"minecraft:time_since_rest":6164,"minecraft:sprint_one_cm":243544,"minecraft:damage_taken":260,"minecraft:walk_one_cm":271687,"minecraft:damage_blocked_by_shield":60,"minecraft:drop":18,"minecraft:damage_dealt":14226,"minecraft:swim_one_cm":1774,"minecraft:fly_one_cm":84213,"minecraft:open_chest":151,"minecraft:crouch_one_cm":13494,"minecraft:play_time":177993,"minecraft:sneak_time":4625,"minecraft:walk_under_water_one_cm":640,"minecraft:boat_one_cm":58102,"minecraft:jump":954,"minecraft:interact_with_blast_furnace":4,"minecraft:walk_on_water_one_cm":5677,"minecraft:enchant_item":5,"minecraft:interact_with_smoker":13,"minecraft:total_world_time":177993,"minecraft:fall_one_cm":11652},"minecraft:crafted":{"minecraft:cooked_beef":70,"minecraft:smooth_stone":6,"minecraft:crafting_table":1,"minecraft:iron_sword":1,"minecraft:stone":13,"minecraft:birch_planks":4,"minecraft:air":0,"minecraft:bow":2,"minecraft:iron_ingot":6,"minecraft:iron_pickaxe":3,"minecraft:iron_block":3,"minecraft:chest":1,"minecraft:iron_shovel":1,"minecraft:gold_ingot":10,"minecraft:anvil":1,"minecraft:dark_oak_planks":16,"minecraft:golden_boots":2,"minecraft:diamond_chestplate":2},"minecraft:picked_up":{"minecraft:stripped_oak_log":1,"minecraft:birch_log":1,"minecraft:cooked_beef":32,"minecraft:andesite":6,"minecraft:flint":13,"minecraft:oak_log":13,"minecraft:shield":1,"minecraft:lapis_lazuli":121,"minecraft:soul_soil":7,"minecraft:bone":40,"minecraft:bow":14,"minecraft:gold_nugget":85,"minecraft:cobbled_deepslate":1,"minecraft:iron_ingot":154,"minecraft:iron_sword":2,"minecraft:soul_sand":22,"minecraft:book":2,"minecraft:polished_deepslate_slab":3,"minecraft:nether_quartz_ore":6,"minecraft:stone":11,"minecraft:torch":59,"minecraft:quartz":95,"minecraft:gravel":178,"minecraft:blast_furnace":1,"minecraft:dark_oak_log":4,"minecraft:nether_gold_ore":12,"minecraft:arrow":21,"minecraft:rotten_flesh":2,"minecraft:diamond_chestplate":2,"minecraft:diamond":23,"minecraft:cod":1,"minecraft:netherrack":716,"minecraft:cobblestone":8,"minecraft:bone_block":7,"minecraft:diamond_pickaxe":4},"minecraft:broken":{"minecraft:iron_sword":1,"minecraft:iron_pickaxe":1}},"DataVersion":3953}